{"name":"NeedHelpIntent","identifier":"DUEDYWPYTE","description":"Provide the user a sample input if they ask for help.","parentIntentSignature":null,"sampleUtterances":[{"utterance":"Help"}],"intentConfirmationSetting":null,"intentClosingSetting":null,"initialResponseSetting":{"codeHook":null,"conditional":null,"nextStep":{"sessionAttributes":{},"dialogAction":{"type":"EndConversation","slotToElicit":null,"suppressNextMessage":null},"intent":{"name":null,"slots":{}}},"initialResponse":{"messageGroupsList":[{"message":{"ssmlMessage":null,"customPayload":null,"plainTextMessage":{"value":"Tell me what you are looking for. For example, \"I need an API to lookup financial accounts.\""},"imageResponseCard":null},"variations":[{"ssmlMessage":null,"customPayload":null,"plainTextMessage":{"value":"Ask me about the API you are looking for. For example, \"What API can I use to monitor vehicle locations?\""},"imageResponseCard":null},{"ssmlMessage":null,"customPayload":null,"plainTextMessage":{"value":"I can help you find an API in the catalog. For example, ask me \"What API can I use to get consumer credit info?\" "},"imageResponseCard":null}]}],"allowInterrupt":true}},"inputContexts":null,"outputContexts":null,"kendraConfiguration":null,"dialogCodeHook":null,"fulfillmentCodeHook":null,"slotPriorities":[]}