{"name":"Process","identifier":"9C56R9GWUH","description":null,"slotTypeValues":[{"synonyms":null,"sampleValue":{"value":"Retail Transformation"}},{"synonyms":null,"sampleValue":{"value":"Procurement Reporting"}},{"synonyms":null,"sampleValue":{"value":"Enterprise Data Management"}},{"synonyms":null,"sampleValue":{"value":"Front Office-Funding-Capital Markets"}},{"synonyms":null,"sampleValue":{"value":"Originations"}},{"synonyms":null,"sampleValue":{"value":"Learning Development and Delivery"}},{"synonyms":null,"sampleValue":{"value":"Credit"}},{"synonyms":null,"sampleValue":{"value":"Service Center Operations"}},{"synonyms":null,"sampleValue":{"value":"Information Technology"}},{"synonyms":null,"sampleValue":{"value":"Data Platform Enablement"}},{"synonyms":null,"sampleValue":{"value":"Fleet Management"}},{"synonyms":null,"sampleValue":{"value":"Retail Loans and Leases"}},{"synonyms":null,"sampleValue":{"value":"Voluntary Protection Product Operations"}},{"synonyms":null,"sampleValue":{"value":"Voluntary Protection Products"}},{"synonyms":null,"sampleValue":{"value":"VPP Experience"}},{"synonyms":null,"sampleValue":{"value":"Kinto"}},{"synonyms":null,"sampleValue":{"value":"Digital Marketing"}},{"synonyms":null,"sampleValue":{"value":"Customer Care"}},{"synonyms":null,"sampleValue":{"value":"Service Administration Service Operations"}},{"synonyms":null,"sampleValue":{"value":"Develop and Train Workforce"}},{"synonyms":null,"sampleValue":{"value":"Privacy"}},{"synonyms":null,"sampleValue":{"value":"Customer Support"}},{"synonyms":null,"sampleValue":{"value":"Enterprise Platform Enablement"}},{"synonyms":null,"sampleValue":{"value":"Corporate Tax"}},{"synonyms":null,"sampleValue":{"value":"Asset Lifecycle Management"}},{"synonyms":null,"sampleValue":{"value":"Process Payments"}},{"synonyms":null,"sampleValue":{"value":"Funding"}},{"synonyms":null,"sampleValue":{"value":"TFSB Lending Servicing"}},{"synonyms":null,"sampleValue":{"value":"HR"}}],"parentSlotTypeSignature":null,"valueSelectionSetting":{"resolutionStrategy":"ORIGINAL_VALUE","regexFilter":null}}