{"name":"BusinessDomain","identifier":"GQURFJLJXR","description":null,"slotTypeValues":[{"synonyms":null,"sampleValue":{"value":"Dealer Experience"}},{"synonyms":null,"sampleValue":{"value":"Finance and Accounting"}},{"synonyms":null,"sampleValue":{"value":"Remarketing & Fleet Services"}},{"synonyms":null,"sampleValue":{"value":"Enterprise Data Management"}},{"synonyms":null,"sampleValue":{"value":"Consumer Lending Originations"}},{"synonyms":null,"sampleValue":{"value":"Treasury and Tax"}},{"synonyms":null,"sampleValue":{"value":"API Services"}},{"synonyms":null,"sampleValue":{"value":"Enterprise Procurement and Learning System Shared Services"}},{"synonyms":null,"sampleValue":{"value":"Risk,Legal and Compliance"}},{"synonyms":null,"sampleValue":{"value":"Consumer Lending Servicing"}},{"synonyms":null,"sampleValue":{"value":"System of IT"}},{"synonyms":null,"sampleValue":{"value":"Enterprise Automation Enablement"}},{"synonyms":null,"sampleValue":{"value":"Data and Analytics (DnA)"}},{"synonyms":null,"sampleValue":{"value":"Insurance Services"}},{"synonyms":null,"sampleValue":{"value":"Digital Billing and Payment"}},{"synonyms":null,"sampleValue":{"value":"Mobility and Fleet Services"}},{"synonyms":null,"sampleValue":{"value":"Agent Experience"}},{"synonyms":null,"sampleValue":{"value":"Enterprise Data Enablement"}},{"synonyms":null,"sampleValue":{"value":"Banking and Commercial Lending"}},{"synonyms":null,"sampleValue":{"value":"Customer Experience"}},{"synonyms":null,"sampleValue":{"value":"Treasury,Accounting and Tax"}},{"synonyms":null,"sampleValue":{"value":"Electronic Document Services"}},{"synonyms":null,"sampleValue":{"value":"Enterprise Data Supply Chain"}},{"synonyms":null,"sampleValue":{"value":"Mobility Finance Services"}},{"synonyms":null,"sampleValue":{"value":"ERP and Financial Reporting"}}],"parentSlotTypeSignature":null,"valueSelectionSetting":{"resolutionStrategy":"ORIGINAL_VALUE","regexFilter":null}}