{"name":"InformationDomain","identifier":"OLUSL1NOK8","description":null,"slotTypeValues":[{"synonyms":null,"sampleValue":{"value":"Consumer Finance"}},{"synonyms":null,"sampleValue":{"value":"Accounting and Tax"}},{"synonyms":null,"sampleValue":{"value":"IT Management"}},{"synonyms":null,"sampleValue":{"value":"Treasury"}},{"synonyms":null,"sampleValue":{"value":"Human Resources"}},{"synonyms":null,"sampleValue":{"value":"Remarketing"}},{"synonyms":null,"sampleValue":{"value":"Insurance"}},{"synonyms":null,"sampleValue":{"value":"Mobility Product"}},{"synonyms":null,"sampleValue":{"value":"Audit"}},{"synonyms":null,"sampleValue":{"value":"Party"}},{"synonyms":null,"sampleValue":{"value":"Commercial Finance"}},{"synonyms":null,"sampleValue":{"value":"Risk"}},{"synonyms":null,"sampleValue":{"value":"Legal"}},{"synonyms":null,"sampleValue":{"value":"Vehicle Protection Product"}},{"synonyms":null,"sampleValue":{"value":"Digital Payment"}}],"parentSlotTypeSignature":null,"valueSelectionSetting":{"resolutionStrategy":"ORIGINAL_VALUE","regexFilter":null}}