,Name,Description,Id
0,Looker Dashboard to PDF generation Services,Looker API service is used to export dashboard pages as pdf versions.,a00f000000DyOGiAAN
1,System OAuth Provider,All ToyotaFintech APIs use the OAuth 2.0 protocol for application authorization. OAuth is the industry standard for assuring your transactions are secure and you must provide a valid access token for each request you make to the ToyotaFintech applications,a00f000000EB7ehAAD
2,SpareLabs Mobility API,SpareLabs API to manage Vehicle locations and integration with Maps.,a00f000000E9fuIAAR
3,SAP Ariba Invoice & PO Reports API,"The Ariba Reporting API for Procurement enables you to extract and report on the transactional procurement data that you need to make operational decisions, such as invoices to pay or purchase requisitions that need approval.",a00f000000E9fu8AAB
4,Shuttle Tracking Services,"Shuttle Tracking APIs are services to track Children's health Plano Shuttles, to track the daily scheduled shuttle and location. Integrating with SpareLabs.",a00f000000E9fuDAAR
5,ToyotaPay Payments APIs,ToyotaPay Payments APIs,a00f000000EB5jEAAT
6,Toyota Pay API's,ToyotaPay API's is used to process the payments for all merchants(Internal and external customers) using Toyota Pay.,a00f000000EB5jFAAT
7,ToyotaPay Account APIs,ToyotaPay Account APIs,a00f000000EB5jGAAT
9,Example Web Acceptor API/Proxy,Simple WEB acceptor for testing connectivity to VPC,a00f000000EB7f6AAD
10,wip-okta-poc,wip-okta-poc,a00f000000EB7fBAAT
11,Customer Activity-Case Creation,This API sends customer Activity and Case information to BI (Business Intelligence) system for reports.,a00f000000DyR9DAAV
12,web-accept-api,Sample test program to test network connectivity,a00f000000EB7ewAAD
13,STA Title Management,This API is to facilitate any Title requests to service a customer or dealer.,a00f000000Dy2OjAAJ
15,TMNA TAP Workflow Automation,"This API Proxy allow TFS application with proper credential to consume TMNA’s TAP Workflow Automation API. TAP provides API endpoint to initiate, pause, continue workflow as well as getting workflow status and information.",a00f000000Dy3d9AAB
16,Marketing Cloud - User Provisioning,This service is used by Sailpoint so Salesforce marketing cloud role management and onboarding requests can be fulfilled through myAccess portal. This service also enables Sailpoint to disable terminated user accounts,a00f000000Dy3dAAAR
18,Auction Platform Services,"Auction Sales Platform is a online Dealer portal to help Dealers ground the off-lease vehicles, view inventory and purchase. This is the Experience Tier for ASP multi tenancy capability (MFS/TFS/LFS etc.).",a00f000000EB3y9AAD
20,Chrome River Services,"This API is needed to push the Master Data Updates (Cost Center, Company Code, Project Code) from SAP to Chrome River. SAP will publish the Master Data updates to EDP and EDP will build the API requests to push the data to Chrome River.",a00DM00000E8cWJYAZ
21,Marketing Cloud Transactional Messaging Service,SFMC Transactional Email & SMS API provides functionality for sending Low Latency Email and SMS to individuals or groups of contacts.,a00f000000DyOGnAAN
22,Calypso DataUploader API,"The Calypso Data Uploader API currently supports different Calypso objects to be uploaded into the system, like 
Trades (different product types), Corporate Actions, Books and Legal Entities.",a00DM00000E8cWOYAZ
23,Digital Self-Services,"The next generation of Digital Self-Services, specifically, for the family of functionalities that directly support User Registration and managing the accounts and payments.",a00DM00000E8xJCYAZ
24,WIP-User,WIP-User,a00DM00000E8ZmzYAF
25,Financial Account Lookup,The solution will provide lookup facilities to portfolios of financial accounts-- discretely or in bulk. Financial accounts will be sourced from their respective systems-of-record.,a00DM00000E7YnOYAV
26,Customer Agent Reports,"This is a collection of API's from NICE CXOne that can be used to obtain the details on Agent, Contacts and Skill Reports",a00DM00000E6GDbYAN
27,Cap Credit Bureau,CAP Credit Bureau is synchronous interface. Consumer applying for vehicle loan will call cap interface and it will do credit check using application decision engine and return credit score.,a00DM00000E6GDcYAN
29,Master Data Services,The Universal Party Master (UPM) introduces new platform for mastering party data for the enterprise,a00DM00000E9G29YAF
30,Axon Services,The operation purpose of this service is to provide Data Market Place and other domains an access to consume AXON related facets and information that can be leveraged in their development process.,a00DM00000E8YtfYAF
31,mFin Due Date Change Service,The operational purpose of this API is to provide the dealer/consumer with ability to self-service the due date change functionality.,a00DM00000E6QPnYAN
32,Fiserv Services,This Fiserv REST API services are used to get the customer data and the deposit data.,a00DM00000E8cWTYAZ
33,Privacy OneTrust Service,Privacy OneTrust provides services to gather information from customers who wants to delete personal information and send data to all organizations across North America.,a00DM00000E7ZsQYAV
34,DnA Core Services,These services are responsible for cataloging data files that we have in the Enterprise Data Platform.,a00DM00000E6GDlYAN
36,Deal Builder,"It's a service that enables a dealer to customize a credit application deal, estimate the monthly payments, and finally to submit the customized deal.",a00DM00000E6HLwYAN
37,AWS Lambda Router,Provide a new API Gateway functionality to facilitate new API's that will be hosted in AWS platform.,a00DM00000E8cWEYAZ
